{"L":[[[5.31188633047,0.0,0.0],[0.01798475509,2.9010127305,38.1330356378],[0.01019727662,0.4858092366,1.4844727083],[0.00124531845,4.83008090682,36.6485629295],[0.0004206445,5.41054991607,2.9689454166],[0.00037714589,6.09221834946,35.1640902212],[0.00033784734,1.24488865578,76.2660712756],[0.00016482741,7.729261e-05,491.5579294568],[9.198582e-05,4.93747059924,39.6175083461],[8.994249e-05,0.27462142569,175.1660598002],[4.216235e-05,1.98711914364,73.297125859],[3.364818e-05,1.03590121818,33.6796175129],[2.2848e-05,4.20606932559,4.4534181249],[1.433512e-05,2.78340432711,74.7815985673],[9.0024e-06,2.07606702418,109.9456887885],[7.44996e-06,3.19032530145,71.8126531507],[5.06206e-06,5.74785370252,114.3991069134],[3.99552e-06,0.34972342569,1021.2488945514],[3.45195e-06,3.46186210169,41.1019810544],[3.06338e-06,0.49684039897,0.5212648618],[2.87322e-06,4.50523446022,0.0481841098],[3.23004e-06,2.24815188609,32.1951448046],[3.40323e-06,3.30369900416,77.7505439839],[2.66605e-06,4.88932609483,0.9632078465],[2.27079e-06,1.79713054538,453.424893819],[2.44722e-06,1.24693337933,9.5612275556],[2.32887e-06,2.50459795017,137.0330241624],[2.8217e-06,2.24565579693,146.594251718],[2.51941e-06,5.78166597292,388.4651552382],[1.5018e-06,2.99706110414,5.9378908332],[1.70404e-06,3.3239063065,108.4612160802],[1.51401e-06,2.1915309428,33.9402499438],[1.48295e-06,0.85948986145,111.4301614968],[1.18672e-06,3.67706204305,2.4476805548],[1.01821e-06,5.70539236951,0.1118745846],[1.03054e-06,4.40441222,70.3281804424],[1.03305e-06,0.04078966679,0.2606324309],[1.093e-06,2.41599378049,183.2428146475]],[[38.37687716731,0.0,0.0],[0.00016604187,4.86319129565,1.4844727083],[0.00015807148,2.27923488532,38.1330356378],[3.334701e-05,3.6819967602,76.2660712756],[1.30584e-05,3.67320813491,2.9689454166],[6.04832e-06,1.50477747549,35.1640902212]],[[0.00053892649,0.0,0.0]],[],[],[]],"B":[[[0.03088622933,1.44104372626,38.1330356378],[0.00027780087,5.91271882843,76.2660712756],[0.00027623609,0.0,0.0],[0.0001535549,2.52123799481,36.6485629295],[0.00015448133,3.50877080888,39.6175083461],[1.999919e-05,1.50998669505,74.7815985673],[1.96754e-05,4.37778195768,1.4844727083],[1.015137e-05,3.21561035875,35.1640902212],[6.05767e-06,2.80246601405,73.297125859],[5.94878e-06,2.12892708114,41.1019810544],[5.88805e-06,3.18655882497,2.9689454166],[4.0183e-06,4.16883287237,114.3991069134],[2.54333e-06,3.27120499438,453.424893819],[2.61647e-06,3.76722704749,213.299095438],[2.79964e-06,1.68165309699,77.7505439839],[2.0559e-06,4.25652348864,529.6909650946],[1.40455e-06,3.52969556376,137.0330241624]],[[0.00227279214,3.8079308987,38.1330356378],[1.80312e-05,1.97576485377,76.2660712756],[1.385733e-05,4.82555548018,36.6485629295],[1.4333e-05,3.14159265359,0.0],[1.073298e-05,6.08054240712,39.6175083461]],[[9.690766e-05,5.57123750291,38.1330356378]],[],[],[]],"R":[[[30.07013206102,0.0,0.0],[0.2706225949,1.3299945893,38.1330356378],[0.01691764281,3.25186138896,36.6485629295],[0.00807830737,5.18592836167,1.4844727083],[0.00537760613,4.52113902845,35.1640902212],[0.00495725642,1.57105654815,491.5579294568],[0.0027457197,1.84552256801,175.1660598002],[0.00135134095,3.37220607384,39.6175083461],[0.00121801825,5.79754444303,76.2660712756],[0.00100895397,0.37702748681,73.297125859],[0.00069791722,3.79617226928,2.9689454166],[0.00046687838,5.74937810094,33.6796175129],[0.00024593778,0.50801728204,109.9456887885],[0.00016939242,1.59422166991,71.8126531507],[0.00014229686,1.07786112902,74.7815985673],[0.00012011825,1.92062131635,1021.2488945514],[8.394731e-05,0.67816895547,146.594251718],[7.5718e-05,1.07149263431,388.4651552382],[5.720852e-05,2.59059512267,4.4534181249],[4.839672e-05,1.9068599107,41.1019810544],[4.483492e-05,2.90573457534,529.6909650946],[4.270202e-05,3.41343865825,453.424893819],[4.35379e-05,0.6798566237,32.1951448046],[4.420804e-05,1.74993796503,108.4612160802],[2.881063e-05,1.98600105123,137.0330241624],[2.635535e-05,3.09755943422,213.299095438],[3.38093e-05,0.84810683275,183.2428146475],[2.878942e-05,3.67415901855,350.3321196004],[2.306293e-05,2.80962935724,70.3281804424],[2.530149e-05,5.79839567009,490.0734567485],[2.523132e-05,0.48630800015,493.0424021651],[2.087303e-05,0.61858378281,33.9402499438],[1.976522e-05,5.1170304456,168.0525127994],[1.905254e-05,1.72186472126,182.279606801],[1.654039e-05,1.92782545887,145.1097790097],[1.435072e-05,1.70005157785,484.444382456],[1.403029e-05,4.58914203187,498.6714764576],[1.499193e-05,1.01623299513,219.891377577],[1.39886e-05,0.7622031762,176.6505325085],[1.403377e-05,6.07659416908,173.6815870919],[1.12856e-05,5.96661179805,9.5612275556],[1.228304e-05,1.59881465324,77.7505439839],[8.35414e-06,3.97066884218,114.3991069134],[8.11186e-06,3.0025888087,46.2097904851],[7.31925e-06,2.10447054189,181.7583419392],[6.15781e-06,2.97874625677,106.9767433719],[7.04778e-06,1.1873821088,256.5399405065],[5.0204e-06,1.38657803368,5.9378908332],[5.30357e-06,4.24059166485,111.4301614968],[4.37096e-06,2.27029212923,1550.939859646],[4.0025e-06,1.25609325435,8.0767548473],[4.21011e-06,1.89084929506,30.7106720963],[3.82457e-06,3.29965259685,983.1158589136],[4.22485e-06,5.53186169605,525.4981794006],[3.55389e-06,2.27847846648,218.4069048687],[2.80062e-06,1.54129714238,98.8999885246],[3.14499e-06,3.95932948594,381.3516082374],[2.80556e-06,4.54238271682,44.7253177768],[2.67738e-06,5.13323364247,112.9146342051],[3.33311e-06,5.75067616021,39.0962434843],[2.91625e-06,4.02398326341,68.8437077341],[3.21429e-06,1.50625025822,454.9093665273],[3.09196e-06,2.85452752153,72.0732855816],[3.45094e-06,1.35905860594,293.188503436],[3.07439e-06,0.31964571332,601.7642506762],[2.51356e-06,3.53992782846,312.1990839626],[2.48152e-06,3.41078346726,37.611770776],[3.06e-06,2.72475094464,6244.9428143536],[2.93532e-06,4.89079857814,528.2064923863],[2.34479e-06,0.59231043427,42.5864537627],[2.39628e-06,3.16441455173,143.6253063014],[2.14523e-06,3.6248028304,278.2588340188],[2.46198e-06,1.01506302015,141.2258098564],[1.74089e-06,5.55011789988,567.8240007324],[1.63934e-06,2.10166491786,2.4476805548],[1.62897e-06,2.48946521653,4.192785694],[1.93455e-06,1.5842528758,138.5174968707],[1.55323e-06,3.28425127954,31.019488637],[1.82469e-06,2.45244890571,255.0554677982],[1.77846e-06,4.14773474853,10175.1525105732],[1.74413e-06,1.53042999914,329.8370663655],[1.37649e-06,3.34900537767,0.9632078465],[1.61011e-06,5.16655038482,211.8146227297],[1.13473e-06,4.96286007991,148.0787244263],[1.28823e-06,3.25521535448,24.1183899573],[1.07363e-06,3.26457701792,1059.3819301892],[1.22732e-06,5.39399536941,62.2514255951],[1.20529e-06,3.08050145518,184.7272873558],[1.24095e-06,3.1151675034,221.3758502853],[1.24693e-06,2.97042405451,251.4321310758],[1.14252e-06,0.25039919123,594.6507036754],[1.11006e-06,3.34276426767,180.2738692309],[1.20939e-06,1.92914010593,25.6028626656],[1.04667e-06,0.94883561775,395.578702239],[1.09779e-06,5.43147520571,494.5268748734],[1.07888e-06,0.98700578434,1124.34166877]],[[0.00236338502,0.70498011235,38.1330356378],[0.00013220279,3.32015499895,1.4844727083],[8.621863e-05,6.2162895163,35.1640902212],[2.70174e-05,1.88140666779,39.6175083461],[2.15315e-05,5.16873840979,76.2660712756],[2.154735e-05,2.09431198086,2.9689454166],[1.463924e-05,1.18417031047,33.6796175129],[1.603165e-05,0.0,0.0],[1.135773e-05,3.91891199655,36.6485629295],[8.9765e-06,5.24122933533,388.4651552382],[7.89908e-06,0.5331548458,168.0525127994],[7.6003e-06,0.02051033644,182.279606801],[6.07183e-06,1.0770650035,1021.2488945514],[5.71622e-06,3.40060785432,484.444382456],[5.6079e-06,2.88685815667,498.6714764576],[4.9019e-06,3.46830928696,137.0330241624]],[[4.247412e-05,5.89910679117,38.1330356378]],[],[]]}