{"L":[[[3.17614666774,0.0,0.0],[0.01353968419,5.59313319619,10213.285546211],[0.00089891645,5.30650048468,20426.571092422],[5.477201e-05,4.41630652531,7860.4193924392],[3.455732e-05,2.69964470778,11790.6290886588],[2.372061e-05,2.99377539568,3930.2096962196],[1.317108e-05,5.18668219093,26.2983197998],[1.664069e-05,4.2501893503,1577.3435424478],[1.438322e-05,4.15745043958,9683.5945811164],[1.200521e-05,6.15357115319,30639.856638633],[7.6138e-06,1.9501470212,529.6909650946],[7.07676e-06,1.06466707214,775.522611324],[5.84836e-06,3.99839884762,191.4482661116],[7.69314e-06,0.81629615911,9437.762934887],[4.99915e-06,4.12340210074,15720.8387848784],[3.26221e-06,4.59056473097,10404.7338123226],[4.29498e-06,3.58642859752,19367.1891622328],[3.26967e-06,5.67736583705,5507.5532386674],[2.31937e-06,3.16251057072,9153.9036160218],[1.79695e-06,4.65337915578,1109.3785520934],[1.28263e-06,4.22604493736,20.7753954924],[1.55464e-06,5.57043888948,19651.048481098],[1.27907e-06,0.96209822685,5661.3320491522],[1.05547e-06,1.53721191253,801.8209311238]],[[10213.52943052898,0.0,0.0],[0.00095707712,2.46424448979,10213.285546211],[0.00014444977,0.51624564679,20426.571092422]],[[0.00054127076,0.0,0.0],[3.89146e-05,0.34514360047,10213.285546211]],[],[],[]],"B":[[[0.05923638472,0.26702775813,10213.285546211],[0.00040107978,1.14737178106,20426.571092422],[0.00032814918,3.14159265359,0.0],[1.011392e-05,1.08946123021,30639.856638633],[1.49458e-06,6.25390296069,18073.7049386502],[1.37788e-06,0.86020146523,1577.3435424478],[1.29973e-06,3.67152483651,9437.762934887],[1.19507e-06,3.70468812804,2352.8661537718],[1.07971e-06,4.53903677647,22003.9146348698]],[[0.00513347602,1.80364310797,10213.285546211],[4.3801e-05,3.38615711591,20426.571092422]],[[0.00022377665,3.38509143877,10213.285546211]],[],[],[]],"R":[[[0.72334820905,0.0,0.0],[0.00489824185,4.02151832268,10213.285546211],[1.658058e-05,4.90206728012,20426.571092422],[1.632093e-05,2.84548851892,7860.4193924392],[1.378048e-05,1.128465906,11790.6290886588],[4.98399e-06,2.58682187717,9683.5945811164],[3.73958e-06,1.42314837063,3930.2096962196],[2.63616e-06,5.5293818592,9437.762934887],[2.37455e-06,2.55135903978,15720.8387848784],[2.21983e-06,2.01346776772,19367.1891622328],[1.19467e-06,3.01975365264,10404.7338123226],[1.25896e-06,2.72769833559,1577.3435424478]],[[0.00034551039,0.89198710598,10213.285546211]],[],[],[],[]]}