{"sun": [[2415030.499968206, 292.011180478, -21.909372747], [2418104.118129879, 79.378401901, 23.091654138], [2421178.736289699, 226.054243249, -17.345153784], [2423887.354374948, 20.028537144, 8.448987707], [2426961.972413099, 169.422589327, 4.552634147], [2429670.590452847, 323.593370321, -14.433751974], [2432744.208533326, 110.853130831, 22.063745248], [2435818.826607325, 258.327764881, -23.009414324], [2438527.4446814, 48.809207491, 18.072790226], [2441602.062805254, 196.905540244, -7.187428389], [2444309.680926056, 351.502567386, -3.6655115], [2447385.299024083, 141.731562041, 15.033212507], [2450093.917118701, 292.122470205, -21.880299826], [2453167.535189534, 79.601255595, 23.09611055], [2456243.153250828, 227.208817646, -17.646432755], [2458950.771312944, 20.181860815, 8.506125424], [2462026.38934354, 170.490878738, 4.096378193], [2464735.007378163, 324.693297396, -14.062692443], [2467807.625417802, 111.079808121, 22.021807977], [2470883.243462697, 259.552946809, -23.08228602], [2473590.861510634, 49.003659063, 18.114698306], [2476666.479565405, 197.982990914, -7.620152684], [2479374.097622037, 352.552533047, -3.214985551], [2482448.715686674, 141.936782186, 14.95805563], [2485158.333752023, 293.321535163, -21.695666905]], "moon": [[2415030.499968206, 51.83097195, 21.13975945], [2418104.118129879, 220.652685709, -11.339785669], [2421178.736289699, 62.258001187, 24.766274196], [2423887.354374948, 105.653207303, 18.95531123], [2426961.972413099, 311.651370505, -21.399410518], [2429670.590452847, 351.023752496, -1.075803862], [2432744.208533326, 177.87926632, 4.850393418], [2435818.826607325, 356.87072211, 3.623503958], [2438527.4446814, 50.682756654, 15.075861944], [2441602.062805254, 242.045900057, -24.6813536], [2444309.680926056, 275.424803184, -19.081849051], [2447385.299024083, 134.674122503, 20.095957561], [2450093.917118701, 171.392953898, 0.97998787], [2453167.535189534, 5.602590707, -0.891346091], [2456243.153250828, 195.332358931, -10.082514765], [2458950.771312944, 244.460459514, -19.133198539], [2462026.38934354, 76.608491393, 25.688985164], [2464735.007378163, 138.676174325, 15.034120449], [2467807.625417802, 301.811006892, -23.802747312], [2470883.243462697, 155.582842935, 7.69045113], [2473590.861510634, 186.176037582, 0.442566812], [2476666.479565405, 29.482062582, 14.030052716], [2479374.097622037, 70.15295236, 20.399884673], [2482448.715686674, 251.307914321, -25.477391979], [2485158.333752023, 329.326795972, -12.792446871]], "mercury": [[2415030.499968206, 272.994882089, -23.63928826], [2418104.118129879, 105.092627143, 23.485070993], [2421178.736289699, 218.78926753, -14.267937872], [2423887.354374948, 37.04809308, 16.94667957], [2426961.972413099, 155.911389872, 11.575004567], [2429670.590452847, 331.813204513, -13.309669629], [2432744.208533326, 89.906800612, 19.873900884], [2435818.826607325, 275.077215833, -25.648984311], [2438527.4446814, 30.349046421, 9.557622957], [2441602.062805254, 210.723969156, -13.318614114], [2444309.680926056, 341.363048712, -4.651602708], [2447385.299024083, 150.990873165, 13.603284553], [2450093.917118701, 307.014075762, -17.93816197], [2453167.535189534, 69.432035938, 21.815017787], [2456243.153250828, 240.181593435, -22.155340036], [2458950.771312944, 1.103906698, -2.265012817], [2462026.38934354, 193.279583996, -9.172884939], [2464735.007378163, 300.92380766, -20.931378463], [2467807.625417802, 137.870454371, 16.673736279], [2470883.243462697, 244.15344221, -20.579691737], [2473590.861510634, 65.615270224, 23.565139186], [2476666.479565405, 182.591971104, 0.871289094], [2479374.097622037, 354.359399292, -4.049668144], [2482448.715686674, 130.174486097, 14.349994912], [2485158.333752023, 289.7709708, -23.936229883]], "venus": [[2415030.499968206, 321.767985297, -16.807341414], [2418104.118129879, 113.65035297, 22.964995769], [2421178.736289699, 189.646035801, -2.263576236], [2423887.354374948, 64.561473337, 24.387360464], [2426961.972413099, 124.360583576, 17.44249188], [2429670.590452847, 359.0271745, -1.243693458], [2432744.208533326, 84.795217521, 18.201856729], [2435818.826607325, 227.500387073, -16.008609531], [2438527.4446814, 91.834218284, 27.443852853], [2441602.062805254, 159.089046742, 9.439929839], [2444309.680926056, 32.136563321, 14.54575312], [2447385.299024083, 94.281803694, 19.494498948], [2450093.917118701, 328.253147119, -14.64862177], [2453167.535189534, 75.127721078, 21.928461974], [2456243.153250828, 196.524391191, -5.118410735], [2458950.771312944, 63.826472484, 25.576826041], [2462026.38934354, 128.656239218, 17.675632024], [2464735.007378163, 4.845710335, 1.952044722], [2467807.625417802, 66.113455142, 17.322377374], [2470883.243462697, 235.723355798, -18.412492269], [2473590.861510634, 66.741761189, 26.138585032], [2476666.479565405, 165.751573045, 7.255952865], [2479374.097622037, 34.833526573, 16.87227871], [2482448.715686674, 95.018462184, 20.7318098], [2485158.333752023, 335.047458141, -12.004362079]], "mars": [[2415030.499968206, 293.512367477, -22.682807418], [2418104.118129879, 104.21325328, 23.923887122], [2421178.736289699, 253.246901591, -23.3720502], [2423887.354374948, 294.31432781, -22.475134058], [2426961.972413099, 116.323139282, 22.091438109], [2429670.590452847, 23.898696166, 10.383765443], [2432744.208533326, 177.287650747, 1.707377974], [2435818.826607325, 2.365620991, 0.690303984], [2438527.4446814, 31.216070308, 12.094053825], [2441602.062805254, 186.638066542, -1.904962636], [2444309.680926056, 153.78048817, 15.194697883], [2447385.299024083, 11.105454612, -0.610943439], [2450093.917118701, 304.848918007, -20.700814839], [2453167.535189534, 113.889628952, 22.882976566], [2456243.153250828, 265.490018022, -24.465671655], [2458950.771312944, 310.695460476, -19.418546904], [2462026.38934354, 127.188344582, 20.110235429], [2464735.007378163, 37.088188546, 15.667077094], [2467807.625417802, 187.468591748, -3.145508247], [2470883.243462697, 27.80255453, 12.25432034], [2473590.861510634, 41.177866567, 15.689373757], [2476666.479565405, 195.137149232, -5.724964415], [2479374.097622037, 183.849429604, 2.355905361], [2482448.715686674, 38.70034195, 12.346479925], [2485158.333752023, 316.86371096, -17.677487361]], "jupiter": [[2415030.499968206, 241.151682411, -19.972100065], [2418104.118129879, 133.433831383, 18.26821163], [2421178.736289699, 26.533229214, 9.370450348], [2423887.354374948, 259.016064268, -22.345274874], [2426961.972413099, 158.839380936, 9.873806217], [2429670.590452847, 7.72461111, 2.079949607], [2432744.208533326, 260.179012341, -22.763507468], [2435818.826607325, 180.311253375, 1.176571224], [2438527.4446814, 35.078951662, 12.940217284], [2441602.062805254, 271.961845359, -23.480685048], [2444309.680926056, 155.732625254, 11.519352226], [2447385.299024083, 61.298562641, 19.855479011], [2450093.917118701, 271.979486157, -23.193278733], [2453167.535189534, 162.824795275, 8.610221642], [2456243.153250828, 72.811784968, 21.664296288], [2458950.771312944, 297.531776295, -21.114361968], [2462026.38934354, 183.997484389, -0.529511493], [2464735.007378163, 40.841507724, 14.844956656], [2467807.625417802, 306.153834938, -19.856717205], [2470883.243462697, 207.756494115, -10.170816515], [2473590.861510634, 66.396647032, 21.111501007], [2476666.479565405, 309.697003073, -19.310655882], [2479374.097622037, 191.613468705, -3.28170299], [2482448.715686674, 96.83531231, 23.025271545], [2485158.333752023, 303.716404776, -20.235279268]],