{"L":[[[4.40250710144,0.0,0.0],[0.40989414976,1.48302034194,26087.9031415742],[0.05046294199,4.4778548954,52175.8062831484],[0.00855346843,1.16520322351,78263.70942472259],[0.00165590362,4.11969163181,104351.61256629678],[0.00034561897,0.77930765817,130439.51570787099],[7.583476e-05,3.7134840051,156527.41884944518],[3.55974e-05,1.51202669419,1109.3785520934],[1.726012e-05,0.35832239908,182615.3219910194],[1.803463e-05,4.1033317841,5661.3320491522],[1.364682e-05,4.59918318745,27197.2816936676],[1.589923e-05,2.99510417815,25028.521211385],[1.017332e-05,0.8803143904,31749.2351907264],[7.14182e-06,1.54144865265,24978.5245894808],[6.43759e-06,5.30266110787,21535.9496445154],[4.042e-06,3.28228847025,208703.2251325936],[3.52441e-06,5.24156297101,20426.571092422],[3.43313e-06,5.76531885335,955.5997416086],[3.39214e-06,5.86327765,25558.2121764796],[4.51137e-06,6.04989275289,51116.4243529592],[3.25335e-06,1.3367433478,53285.1848352418],[2.59587e-06,0.98732428184,4551.9534970588],[3.45212e-06,2.79211901539,15874.6175953632],[2.72947e-06,2.49451163975,529.6909650946],[2.3483e-06,0.266721189,11322.6640983044],[2.38793e-06,0.11343953378,1059.3819301892],[2.64336e-06,3.91705094013,57837.1383323006],[2.16645e-06,0.65987207348,13521.7514415914],[1.83359e-06,2.62878670784,27043.5028831828],[1.75965e-06,4.53636829858,51066.427731055],[1.81629e-06,2.43413502466,25661.3049506982],[2.08995e-06,2.09178234008,47623.8527860896],[1.72643e-06,2.45200164173,24498.8302462904],[1.42316e-06,3.36003948842,37410.5672398786],[1.37942e-06,0.29098447849,10213.285546211],[1.18233e-06,2.78149786369,77204.32749453338],[1.25219e-06,3.72079804425,39609.6545831656],[1.06422e-06,4.20572116254,19804.8272915828]],[[26088.14706222746,0.0,0.0],[0.01126007832,6.21703970996,26087.9031415742],[0.00303471395,3.05565472363,52175.8062831484],[0.00080538452,6.10454743366,78263.70942472259],[0.00021245035,2.83531934452,104351.61256629678],[5.592094e-05,5.82675673328,130439.51570787099],[1.472233e-05,2.51845458395,156527.41884944518]],[[0.00053049845,0.0,0.0],[0.00016903658,4.69072300649,26087.9031415742],[7.396711e-05,1.34735624669,52175.8062831484],[3.018297e-05,4.45643539705,78263.70942472259]],[],[],[]],"B":[[[0.11737528962,1.98357498767,26087.9031415742],[0.02388076996,5.03738959685,52175.8062831484],[0.01222839532,3.14159265359,0.0],[0.0054325181,1.79644363963,78263.70942472259],[0.0012977877,4.83232503961,104351.61256629678],[0.00031866927,1.58088495667,130439.51570787099],[7.963301e-05,4.60972126348,156527.41884944518],[2.014189e-05,1.35324164694,182615.3219910194],[5.13953e-06,4.37835409309,208703.2251325936],[2.07674e-06,4.91772564073,27197.2816936676],[2.08584e-06,2.02020294153,24978.5245894808],[1.32013e-06,1.11908492283,234791.12827416777],[1.00454e-06,5.65684734206,20426.571092422],[1.21395e-06,1.81271752059,53285.1848352418]],[[0.00429151362,3.50169780393,26087.9031415742],[0.00146233668,3.14159265359,0.0],[0.00022675295,0.0151536688,52175.8062831484],[0.00010894981,0.48540174006,78263.70942472259],[6.353462e-05,3.42943919982,104351.61256629678],[2.495743e-05,0.16051210665,130439.51570787099],[8.59585e-06,3.18452433647,156527.41884944518]],[[0.00011830934,4.79065585784,26087.9031415742],[1.913516e-05,0.0,0.0]],[],[],[]],"R":[[[0.39528271652,0.0,0.0],[0.07834131817,6.19233722599,26087.9031415742],[0.00795525557,2.95989690096,52175.8062831484],[0.00121281763,6.01064153805,78263.70942472259],[0.00021921969,2.77820093975,104351.61256629678],[4.354065e-05,5.82894543257,130439.51570787099],[9.18228e-06,2.59650562598,156527.41884944518],[2.60033e-06,3.02817753482,27197.2816936676],[2.89955e-06,1.42441936951,25028.521211385],[2.01855e-06,5.6472504035,182615.3219910194],[2.01499e-06,5.59227724202,31749.2351907264],[1.4198e-06,6.25264202645,24978.5245894808],[1.00144e-06,3.73435608689,21535.9496445154]],[[0.00217347739,4.65617158663,26087.9031415742],[0.00044141826,1.42385543975,52175.8062831484],[0.00010094479,4.47466326316,78263.70942472259],[2.432804e-05,1.24226083435,104351.61256629678],[1.624367e-05,0.0,0.0],[6.03996e-06,4.29303116561,130439.51570787099]],[[3.117867e-05,3.08231840296,26087.9031415742]],[],[],[]]}