{"L":[[[1.75347045673,0.0,0.0],[0.03341656456,4.66925680417,6283.0758499914],[0.00034894275,4.62610241759,12566.1516999828],[3.417571e-05,2.82886579606,3.523118349],[3.497056e-05,2.74411800971,5753.3848848968],[3.135896e-05,3.62767041758,77713.7714681205],[2.676218e-05,4.41808351397,7860.4193924392],[2.342687e-05,6.13516237631,3930.2096962196],[1.273166e-05,2.03709655772,529.6909650946],[1.324292e-05,0.74246356352,11506.7697697936],[9.01855e-06,2.04505443513,26.2983197998],[1.199167e-05,1.10962944315,1577.3435424478],[8.57223e-06,3.50849156957,398.1490034082],[7.79786e-06,1.17882652114,5223.6939198022],[9.9025e-06,5.23268129594,5884.9268465832],[7.53141e-06,2.53339053818,5507.5532386674],[5.05264e-06,4.58292563052,18849.2275499742],[4.92379e-06,4.20506639861,775.522611324],[3.56655e-06,2.91954116867,0.0673103028],[2.84125e-06,1.89869034186,796.2980068164],[2.4281e-06,0.34481140906,5486.777843175],[3.17087e-06,5.84901952218,11790.6290886588],[2.71039e-06,0.31488607649,10977.078804699],[2.0616e-06,4.80646606059,2544.3144198834],[2.05385e-06,1.86947813692,5573.1428014331],[2.02261e-06,2.45767795458,6069.7767545534],[1.26184e-06,1.0830263021,20.7753954924],[1.55516e-06,0.83306073807,213.299095438],[1.15132e-06,0.64544911683,0.9803210682],[1.02851e-06,0.63599846727,4694.0029547076],[1.01724e-06,4.26679821365,7.1135470008],[1.32212e-06,3.41118275555,2942.4634232916],[1.01895e-06,0.97569221824,15720.8387848784]],[[6283.31966747491,0.0,0.0],[0.00206058863,2.67823455584,6283.0758499914],[4.30343e-05,2.63512650414,12566.1516999828],[4.25264e-06,1.59046980729,3.523118349]],[[0.0005291887,0.0,0.0],[8.719837e-05,1.07209665242,6283.0758499914]],[],[],[]],"B":[[[2.7962e-06,3.19870156017,84334.66158130829],[1.01643e-06,5.42248619256,5507.5532386674]],[],[],[],[]],"R":[[[1.00013988799,0.0,0.0],[0.01670699626,3.09846350771,6283.0758499914],[0.00013956023,3.0552460962,12566.1516999828],[3.08372e-05,5.19846674381,77713.7714681205],[1.628461e-05,1.17387749012,5753.3848848968],[1.575568e-05,2.84685245825,7860.4193924392],[9.24799e-06,5.45292234084,11506.7697697936],[5.42444e-06,4.56409149777,3930.2096962196],[4.7211e-06,3.66100022149,5884.9268465832],[3.2878e-06,5.89983646482,5223.6939198022],[3.45983e-06,0.96368617687,5507.5532386674],[3.06784e-06,0.29867139512,5573.1428014331],[1.74844e-06,3.01193636534,18849.2275499742],[2.43189e-06,4.27349536153,11790.6290886588],[2.11829e-06,5.84714540314,1577.3435424478],[1.85752e-06,5.02194447178,10977.078804699],[1.09835e-06,5.05510636285,5486.777843175]],[[0.00103018608,1.10748969588,6283.0758499914],[1.721238e-05,1.06442301418,12566.1516999828],[7.02215e-06,3.14159265359,0.0]],[[4.359385e-05,5.78455133738,6283.0758499914]],[],[],[]]}